{"cameraMode":{"drawMode":0,"name":"Shaded","section":"Shading Mode"},"sceneLighting":true,"audioPlay":false,"sceneViewState":{"m_AlwaysRefresh":false,"showFog":true,"showSkybox":true,"showFlares":true,"showImageEffects":true,"showParticleSystems":true,"showVisualEffectGraphs":true,"m_FxEnabled":true},"in2DMode":false,"pivot":{"x":499.43743896484377,"y":-1.2672433853149415,"z":434.5362854003906},"rotation":{"x":0.030667567625641824,"y":-0.9212434887886047,"z":0.0742250308394432,"w":0.38061758875846865},"size":12.376175880432129,"orthographic":false}