{"cameraMode":{"drawMode":0,"name":"Shaded","section":"Shading Mode"},"sceneLighting":true,"audioPlay":false,"sceneViewState":{"m_AlwaysRefresh":false,"showFog":true,"showSkybox":true,"showFlares":true,"showImageEffects":true,"showParticleSystems":true,"showVisualEffectGraphs":true,"m_FxEnabled":true},"in2DMode":false,"pivot":{"x":10.368008613586426,"y":4.7321038246154789,"z":11.742278099060059},"rotation":{"x":0.11431372910737992,"y":0.45190533995628359,"z":-0.059064969420433047,"w":0.8829869031906128},"size":21.037063598632814,"orthographic":false}