{"cameraMode":{"drawMode":0,"name":"Shaded","section":"Shading Mode"},"sceneLighting":true,"audioPlay":false,"sceneViewState":{"m_AlwaysRefresh":false,"showFog":true,"showSkybox":true,"showFlares":true,"showImageEffects":true,"showParticleSystems":true,"showVisualEffectGraphs":true,"m_FxEnabled":true},"in2DMode":false,"pivot":{"x":15.075610160827637,"y":0.3741018772125244,"z":7.40239143371582},"rotation":{"x":0.08160263299942017,"y":0.2935974597930908,"z":-0.025170141831040384,"w":0.9521207809448242},"size":19.226526260375978,"orthographic":false}