{"cameraMode":{"drawMode":0,"name":"Shaded","section":"Shading Mode"},"sceneLighting":true,"audioPlay":false,"sceneViewState":{"m_AlwaysRefresh":false,"showFog":true,"showSkybox":true,"showFlares":true,"showImageEffects":true,"showParticleSystems":true,"showVisualEffectGraphs":true,"m_FxEnabled":true},"in2DMode":false,"pivot":{"x":30.161985397338868,"y":-11.476470947265625,"z":56.45206069946289},"rotation":{"x":0.22450147569179536,"y":0.15573322772979737,"z":-0.03742161765694618,"w":0.9617102742195129},"size":38.30481719970703,"orthographic":false}