{"cameraMode":{"drawMode":0,"name":"Shaded","section":"Shading Mode"},"sceneLighting":true,"audioPlay":false,"sceneViewState":{"m_AlwaysRefresh":false,"showFog":true,"showSkybox":true,"showFlares":true,"showImageEffects":true,"showParticleSystems":true,"showVisualEffectGraphs":true,"m_FxEnabled":true},"in2DMode":false,"pivot":{"x":7.20963716506958,"y":7.801661014556885,"z":-13.912586212158204},"rotation":{"x":0.07736799120903015,"y":0.23038235306739808,"z":-0.01802714355289936,"w":0.9701681137084961},"size":12.601092338562012,"orthographic":false}